{
  "ablation": [
    {
      "benchmark": "Poisson (smooth)",
      "key": "poisson",
      "true_error_energy": 0.0011830053929820822,
      "residual_only": 3.253523630947579e-05,
      "lifting_only": 0.0012097774494809286,
      "full_estimator": 0.0012423126857904045,
      "eta_residual_only": 0.027502187650609106,
      "eta_lifting_only": 1.0226305447613897,
      "eta_full": 1.050132732411999
    },
    {
      "benchmark": "Variable coefficient diffusion",
      "key": "variable_coefficient",
      "true_error_energy": 0.002983047249813532,
      "residual_only": 0.00010700403283903353,
      "lifting_only": 0.0030778316454469746,
      "full_estimator": 0.003184835678286008,
      "eta_residual_only": 0.03587071336054844,
      "eta_lifting_only": 1.0317743527660743,
      "eta_full": 1.0676450661266226
    },
    {
      "benchmark": "L-shaped domain singularity",
      "key": "l_shaped",
      "true_error_energy": 0.044127876622404846,
      "residual_only": 0.009293322406338527,
      "lifting_only": 0.0483180385142151,
      "full_estimator": 0.05761136092055363,
      "eta_residual_only": 0.21059980940982034,
      "eta_lifting_only": 1.0949549856582677,
      "eta_full": 1.305554795068088
    }
  ]
}